32,2.292565445069262,2.179505955523921,2.13833649235863,2.143417927723559,2.1268115422471316,2.1236412023790376,2.138338560573025,2.142186993450531,2.1363629601317866,2.1331630206853296,2.131552125716289,2.1288128880455055,2.125445381341522,2.1174659382378955,2.097255295670303,2.0575075167765013,1.9913236702793848,1.893515023584309,1.7634695716532511,1.6011632272508503,1.3978635906727166,1.1536417800116672,0.9144998315281734,0.7014555761072969,0.4997405059469282,0.32207649744613875,0.20305262423282552,0.13433931072961097,0.09402392571025839,0.06938514302167473,0.053858837246745374,0.043717603581125156,
21,2.177060931973215,2.165412441903039,2.152436348355609,2.139023728631668,2.127445264653513,2.1178552712438643,2.108113395570309,2.0942001857865433,2.068628183539894,2.0183448753398157,1.9218623512642226,1.7479384814687027,1.4666256243855913,1.0872242381253123,0.701419181789878,0.4171062542910017,0.24556902749646561,0.1488746327793998,0.09577338223931696,0.06653104199162328,0.049832044445303356,
42,2.156515225178702,2.1537612495341336,2.1486304338602165,2.14039494822307,2.1332575156963833,2.129501767605168,2.128284260315789,2.1284941270689566,2.1292177308723814,2.1296736254264177,2.1297534248460503,2.1298272550743205,2.130101422860937,2.1304570823254556,2.1306227426590976,2.130291950004734,2.1291755510639025,2.1269713913384396,2.1231795078229863,2.1168287824971355,2.1062071501017128,2.0886043606803124,2.0601530193599826,2.0161779758795193,1.952822437510246,1.8701605163611439,1.7742021425677421,1.6730666365919826,1.5687787677989429,1.4549337018815038,1.3256683866305181,1.180022874754239,0.996062993223185,0.7524512367302342,0.5098916689333388,0.3180521273812423,0.19349380055159404,0.1252127935103815,0.08777210876244063,0.06578401951578071,0.05166703785140075,0.04196270589291287,
28,2.1788037497993753,2.158834906359028,2.146828839278715,2.137544296264905,2.137574578325051,2.1411552771237226,2.141385850651127,2.1398023219311337,2.1388926268451813,2.1385963023711785,2.1383038269795014,2.1362684402695935,2.1289964011922855,2.1124115913158477,2.081676854080511,2.0297841379273605,1.9471421127347586,1.8226877270353732,1.6441973135532277,1.3935714130346772,1.0575138862905198,0.6974149763370168,0.41927476363273686,0.23954884415801275,0.13808387858504598,0.08533208255004088,0.057517860236408445,0.041962056471228526,
31,2.166457887891602,2.143328007261342,2.135155058507849,2.1331193561222044,2.1336442627398546,2.1354966513604046,2.136141700134302,2.134942841136019,2.1334753490084117,2.1328359178902843,2.132976877436195,2.1332916812429574,2.13270514280508,2.129728011697149,2.122405413536969,2.1076234755087,2.080054808798243,2.0314971253000627,1.9519069245856866,1.8338675238949564,1.678117324713893,1.488774852113267,1.2541083574229028,0.9498514526588786,0.623292170488311,0.3987331405904267,0.2626977332216471,0.15976622916120248,0.0979627323534926,0.06610862920776056,0.048867355008871634,
32,2.180752373851302,2.156966812951039,2.1450271337686746,2.1404464946725126,2.1371158120331137,2.1336244308320182,2.1314646488375963,2.1310407514148646,2.131845287223433,2.133388661434022,2.134994128246471,2.136042602072637,2.136377035715382,2.13599259104621,2.134514518266059,2.1308647847443503,2.1228450304693967,2.1064955447614993,2.075390996483401,2.0204733969430944,1.9318413895073538,1.8028636059771965,1.6309484482663772,1.4096380920994804,1.133999606653721,0.8297046251150184,0.5466263371184161,0.33669469877930713,0.19651310119413748,0.11426240864113699,0.07162447487204965,0.049541040230087985,
36,2.177765029624724,2.1612483207135145,2.144455228945864,2.1384573284494155,2.1376128031606494,2.1367903976717058,2.1360274722152406,2.1346525034824015,2.1321825735320132,2.1299751154309154,2.1292145567128555,2.1297295353308705,2.130853751543206,2.1319899880724935,2.132610539300795,2.1323862675281715,2.1311432510544304,2.128435451040132,2.1230488471382696,2.1125123915789277,2.0923526365730414,2.0550287978055843,1.9892081311661143,1.8811622790972673,1.7193286294262522,1.4967173539224403,1.2098697606598345,0.8892805508870967,0.6136855010860166,0.40260011413019225,0.2512127838621925,0.1586971663912111,0.10622356265123548,0.07622825811492034,0.058338101533629616,0.04707302070084884,
31,2.166095138726436,2.155225558458198,2.14508535559281,2.140724506948991,2.1356084647499176,2.1295724714680877,2.127088434740673,2.1282384174208016,2.1308412952893514,2.133631242191126,2.1356576362869193,2.1364516890106677,2.1364671871372427,2.1361787986948526,2.135300083858925,2.1328978848398252,2.1275232879555426,2.116875280831967,2.0968643823938624,2.059554627569309,1.989515944172481,1.8593455632995193,1.6304036435220353,1.2777666125324445,0.8527376107158571,0.49080349136315304,0.26749878757846124,0.15123875218398863,0.09279833358891121,0.062433044935385484,0.04569101764101891,
36,2.162258341594158,2.1447232465378923,2.152805781079256,2.15754201176719,2.14408112282118,2.1326259916233203,2.131676681476651,2.1332623571180624,2.134294315671042,2.133919207761939,2.129800617600986,2.122648443529956,2.115077384698791,2.10740649438233,2.097583811984312,2.0824892573274325,2.057970032361926,2.019026677737844,1.9608734053274062,1.8814618024235834,1.7851439366696826,1.6821791296343183,1.5794842126293411,1.46994982133865,1.3295812463823429,1.1255944289407203,0.8528915201670544,0.5771930548031224,0.3682236931950745,0.23764694139758993,0.16230382081393996,0.11730327259895426,0.08851338710018651,0.06928251910765211,0.056185305962245725,0.04710442791921176,
30,2.1996416833839225,2.175655175339218,2.1665571934067884,2.1611021801530517,2.144970605243908,2.129999618089077,2.123740100023495,2.121991390903697,2.1221912208950156,2.122734147497175,2.1204296794650026,2.113716126337057,2.1022905841249875,2.0839180349385424,2.05356371980211,2.004039265371564,1.9277015385358867,1.8205197810565548,1.683883039913999,1.5156407758131663,1.2980552826092149,1.0146100544413212,0.6970815026545487,0.42277921731017876,0.2465059510696404,0.14951343105074055,0.09780580546510216,0.06936022303912251,0.052723431340756445,0.04233084344458427,
35,2.177092656743081,2.1507992140416183,2.134875530219059,2.135198084456038,2.131360120934535,2.1227392690929583,2.118529922588706,2.1187290565698502,2.1205293426929566,2.123680727858396,2.127052681775999,2.1288529205049436,2.128785155083719,2.1271955925303483,2.1237284422300067,2.11714135264789,2.1048430406318435,2.082011249288155,2.041481058341321,1.9753308809101284,1.878477407017146,1.7512882176683742,1.5944383032274536,1.4010717659649305,1.1752551156163096,0.9535978396847751,0.7431632874526061,0.5382035463039627,0.3549441965648925,0.22711457782238953,0.15018991049113406,0.10400582771739092,0.07572932353924117,0.05805686484833668,0.046636108997989915,
38,2.1725502055683616,2.153271500097868,2.1365979970630073,2.1304019882079146,2.127845168736353,2.1268677670210745,2.126890934214134,2.125922192177706,2.1243549206657266,2.1239719614520345,2.125010451475079,2.126576573944288,2.1279836230966063,2.1289046089670567,2.1293062180763678,2.129463926081454,2.129685742866788,2.1300292462535824,2.130316308768884,2.130261088810712,2.1295057756920226,2.1275440765118097,2.1235137528377503,2.1157938512489176,2.1012912456401445,2.0741330362385355,2.0232933174348706,1.929012944792361,1.7604454614931804,1.4848749322604662,1.1058906717357593,0.7088962362459783,0.4080698793203118,0.23120909479191173,0.13842772346574608,0.09013705961608137,0.06389128137608685,0.048738723498270575,
25,2.23681086178183,2.178303042276719,2.1401137368207857,2.135152178569589,2.1260475001796526,2.1223860171763276,2.1285886240299323,2.1295011256898326,2.123633829012498,2.117209147465919,2.1083604036376755,2.0913113781347064,2.058871070054786,1.9962907184690812,1.880116239372469,1.684255820287073,1.391551385189037,1.0219261774816115,0.6653113256159431,0.4038735994215155,0.24039621898363112,0.14609590446022358,0.09398726363599559,0.06535221064035185,0.04905822799293627,
24,2.2078112758694934,2.172172514720427,2.150318431278697,2.1435908741202687,2.1366807594446415,2.1338337630969915,2.130097071789817,2.1202121663779376,2.108511618659863,2.095363837620685,2.073303489192891,2.0316471447517443,1.954129731539547,1.8161141821696898,1.5881633035010196,1.2518568146374416,0.8445317078454869,0.4908488298332113,0.2722604363257052,0.15849359770882368,0.10045172432305866,0.06946539454823375,0.05186847407113451,0.041236388339677035,
64,2.205325638105231,2.1616703517700486,2.161192116039456,2.1611743469862605,2.13956883575315,2.123993017481483,2.122713700915252,2.1232609127386923,2.1236198096430208,2.125343929122585,2.1255411094239487,2.1235767070996796,2.1220417996796153,2.1221161077764497,2.123100472601994,2.124321963053342,2.125376183455729,2.125946979760795,2.1261194551779337,2.1262956894165708,2.126753161198037,2.1275009821221325,2.1284119792073257,2.129342262982986,2.130205095699294,2.1310081342315446,2.1318151916864663,2.132672547562338,2.133573955197174,2.134474377726052,2.1353216936947823,2.136082581301763,2.1367502667783085,2.1373337055655504,2.1378409949430943,2.1382704450452734,2.138612259632267,2.1388555510777127,2.138993992727474,2.139026180235602,2.138951010816283,2.1387611732296525,2.1384371980758528,2.1379413854516116,2.137207375184884,2.136117684728528,2.13445636377976,2.1318125113132997,2.1273846564566408,2.1195817263536645,2.105209758271064,2.0778506276970217,2.0248525256582615,1.92278586125041,1.7347628226844962,1.4245558289584566,1.0115847980266341,0.616485846369395,0.34652433459817344,0.19468590070225414,0.11530394624303611,0.07416730950805328,0.052097399244906625,0.03955034010011074,
23,2.1992076429491365,2.1795448431464237,2.160261906384102,2.1515726628298664,2.1460488796373456,2.141797373825198,2.137300545265068,2.128079292067829,2.1122811801962964,2.087643447200098,2.0455094198045973,1.9690248735648714,1.8316691723849792,1.600522642611288,1.260824421933739,0.8643355792268101,0.5227891871316228,0.2986995804092173,0.17416214182778345,0.10897633082767576,0.07431841065078162,0.05489780219023281,0.04331215088404278,
34,2.2309687002087233,2.1850113361222254,2.164114312476258,2.151816487626172,2.1427458650896147,2.1424074579196266,2.144258944343769,2.1423172258492853,2.1394766452447542,2.138695732227295,2.139526872384116,2.1412836061627796,2.143383658260478,2.144753989962184,2.1446921942434627,2.14290110546645,2.138496092489449,2.129303009677007,2.1112684247991487,2.077643350371438,2.0187793103349514,1.9242239890130977,1.7879804749157318,1.6115382619492662,1.394038017895122,1.1207301570358608,0.7980677449860119,0.5109591459995022,0.3296842008328483,0.2034767001378858,0.12073377813891184,0.0765902200551754,0.05347007081219966,0.04037994783716206,
28,2.3092315221680253,2.2103227586385654,2.1709797646194913,2.1714165308120537,2.1530996341054385,2.1449025085548494,2.1495337245025556,2.144425409303503,2.13384228255704,2.1293340971782664,2.1287132187967677,2.1281159750359193,2.1265356116410485,2.1207080629071093,2.107163250371096,2.0836228142035913,2.045263351957075,1.9826028075186608,1.8824572338210408,1.7298913616614777,1.5088532510114003,1.1994808614432466,0.8132747143681719,0.46284650142515016,0.24081364057117932,0.12783399867807588,0.07425828825423564,0.04805846233849459,
25,2.2558269836822715,2.1651932351709826,2.1413092228531245,2.148079986392882,2.1431795936721825,2.145039338034528,2.151273228318306,2.146689699461749,2.136288900984563,2.128044294145987,2.1177493387893738,2.097286225406144,2.057172675406441,1.9813328043511171,1.8460485810986045,1.623236337777444,1.2964926313310436,0.9039017019521394,0.5509085209261244,0.3128414312646855,0.17987244117352313,0.11078161495041126,0.07444261504834947,0.05430310460088459,0.04241281346166591,
44,2.345638325070137,2.184649901589565,2.151011985757269,2.161014500828786,2.138276912747395,2.1322406349943104,2.1425659784658713,2.1396885208657017,2.129784826232259,2.127263452316047,2.129498291490776,2.131550650362691,2.133727562106994,2.1354099010930025,2.1351478051506305,2.1336850926094604,2.132594096800834,2.1323029853076365,2.132469407785143,2.1326121382803396,2.1320976795684192,2.1302819560509274,2.126617581057008,2.120286748462884,2.109649884520259,2.0917997133820574,2.0622370755275488,2.014984362206117,1.9439097185626224,1.8455454407808158,1.7207192631353314,1.5688959113073857,1.3769232461754595,1.1288275885221635,0.8505293878867058,0.5846848514627281,0.3765576077425772,0.2408775773042604,0.15860608991708358,0.11002646422643544,0.08072184554076502,0.06236579120351784,0.050420947277466356,0.04232558675342419,
37,2.1749731515659194,2.163350107404929,2.1527224328564856,2.145048551660588,2.1400347094973267,2.135790371715052,2.1328857538047927,2.1324435247980422,2.134128655136771,2.136976697549083,2.1401448104229273,2.142955953366263,2.1451087894648886,2.1467122774382403,2.14796103154275,2.148910669423372,2.1494664729187645,2.1493834413959303,2.1482118642012367,2.14516157423299,2.138779890374871,2.1263485934642485,2.1029744300064666,2.0606210196541976,1.988148291305754,1.8741216236664773,1.7111217486795385,1.4937159375117501,1.2169858667893543,0.9086411825248123,0.6242468822795484,0.3948409700255878,0.23207951423867795,0.13474522560884175,0.08377272084379134,0.05719586165104065,0.04236405557083385,
26,2.256907499295674,2.1889205664103994,2.178764527976807,2.1821512490046917,2.148811567679183,2.1215503500418773,2.1200321389814367,2.123477257923173,2.126190943610692,2.12779839185353,2.1218386835642,2.106167488092089,2.0804172088477615,2.0366353858368216,1.957902396034843,1.8176460341670144,1.5811332033315773,1.2330975177249248,0.8291170904639358,0.48722282262999334,0.27324884500420477,0.15975418457320623,0.10135225867398515,0.07014904753759245,0.052444316786051694,0.04174579933006417,
63,2.2642343556145033,2.194567274350648,2.162739287089575,2.1617432190192827,2.147744870962473,2.1406806079837892,2.142724675888071,2.138188584209337,2.1306710360805416,2.128151784475483,2.128851784407062,2.1300491081289596,2.131284627119897,2.131513912682462,2.1304929638072845,2.1295036207475766,2.129426186107134,2.1300402136383134,2.1308098498555474,2.1313477210402616,2.131522753061441,2.1315066782556578,2.1315864558568958,2.131904747903145,2.13241585470986,2.133002399891442,2.133579907600369,2.1341356795109805,2.1347112105035873,2.1353533488429908,2.1360766098467048,2.136860918220766,2.1376724227034005,2.138484292051597,2.1392859242796196,2.1400804590256923,2.140876087132475,2.1416776106395368,2.142481544137839,2.1432738076184945,2.1440269071478246,2.1446932658042344,2.1451913259925885,2.1453799204308384,2.145012839194581,2.143657293895937,2.140543866541047,2.1342875340101655,2.122379202650088,2.100319524092941,2.060360731384749,1.9902897643299,1.8735564905460078,1.6917169246417976,1.427875413365089,1.0826095575125283,0.7206696691331905,0.4350012814111156,0.25173912804094073,0.1483952730810334,0.09357359122567319,0.06420939407937384,0.04764926300259797,
30,2.199874729605992,2.165977888084044,2.152060254543185,2.143732510265488,2.1365601696295546,2.1335192299316494,2.1321113976672317,2.1307920476684608,2.1315914227173107,2.134914109326467,2.1388214065734132,2.141687381976464,2.142721729716393,2.141404430846731,2.1373575676047936,2.129884877567936,2.116911546549869,2.0935862835777983,2.04999279745041,1.967246800831131,1.8135352743167763,1.5497323339698252,1.1678194840325824,0.7536858470579283,0.43634179742065793,0.24639782164127108,0.14426197059163773,0.0908460373170588,0.06231315294366734,0.046284435750958954,
41,2.1921149191896174,2.158341404093999,2.1626637115306337,2.1601159222126105,2.144120930264157,2.135349954948942,2.1343370722088046,2.134477862708409,2.1365899931889643,2.139398533044239,2.139849871243804,2.138758209749019,2.1383760094800133,2.139194036597054,2.140686760379883,2.142218698569577,2.1431223700670756,2.143063732164636,2.142098988730128,2.14010547644111,2.136250570653494,2.128712149204359,2.114322166520758,2.087979834102427,2.042127863355195,1.9672646776997769,1.8547119615265895,1.6999604080404995,1.5000365916147937,1.248255448424219,0.9587502739690161,0.6976163942267865,0.49675262502798084,0.33554305908462756,0.21963651527246017,0.14771795124729767,0.1049491749546485,0.0788412194986888,0.06226008387377299,0.05131303063670809,0.04378425756671155,
28,2.32628870818497,2.212514198635672,2.175919035160996,2.187317767071789,2.16199892408859,2.1319544078539403,2.127381706723279,2.1284001253393874,2.128668173479376,2.1334808202403477,2.1361887216429416,2.1320347646077424,2.123244062128454,2.1087331688011233,2.0818831567925318,2.0320711228872375,1.941474005986661,1.7856948628295664,1.5434681667993693,1.2118486661752288,0.8400602310906473,0.5277883095378446,0.3175214404053366,0.19064617515877802,0.11864739410936945,0.07904602361334889,0.05700019709539417,0.04414153753977095,
26,2.1899249704876915,2.174080841341024,2.1578839393382174,2.1413458027324808,2.131356167519087,2.128291897234679,2.12884395312962,2.130887662164652,2.1328716350050527,2.1336823557055205,2.1328754846491895,2.1295968153081457,2.1214513935106467,2.1036458673553597,2.067420477949195,1.9976856149881597,1.8712774289632668,1.6596456450807504,1.3429823244903512,0.9469385741125453,0.5766187661328863,0.3215711250393232,0.1748817901186491,0.09911157614293634,0.06138766573234993,0.04192534090825882,
27,2.3101080667403733,2.216327905501681,2.169689607345428,2.160929557105465,2.141180587687053,2.1349395819851757,2.1411894187553204,2.1377672573640973,2.1296497496649116,2.1279201820287734,2.1291108808649892,2.1281627798307516,2.1232778835662787,2.1109179701254916,2.0873148119219356,2.04842029491052,1.9850132650374255,1.8802491702785098,1.7102206340027049,1.447318761451151,1.0778771419356263,0.6596584094991185,0.3398887219123528,0.1705227669286679,0.0929648494232308,0.05689045316050396,0.03880308108352651,
31,2.2062874672876345,2.1794412115954174,2.1623286576522496,2.150938236903233,2.1427840196450885,2.1370023337262776,2.133088919732087,2.1306906454672334,2.1294420976517916,2.1288696085744574,2.1285644272005815,2.128165865151923,2.1270795634885302,2.12418616767095,2.117486460818679,2.103470838783254,2.076216974028161,2.0266575349443827,1.9432275143358675,1.8150903103879958,1.635144165061579,1.3972351441442743,1.1030097762014117,0.7912049263618972,0.5185334876160039,0.32022126227351144,0.19258308606948085,0.1184051655116519,0.07823680248770407,0.056274665640209186,0.043528948309214624,
34,2.217744293027419,2.189592015454314,2.1569507408378983,2.131813762662044,2.1198172127839086,2.1172588178046965,2.119057346500684,2.1216593005607685,2.1228787409262524,2.12206480448172,2.119102050981054,2.113027405541697,2.101701360648996,2.082000543181649,2.0498851246442484,2.000731201518727,1.9307945478509265,1.840333657039134,1.7356819762744837,1.62334349374712,1.4965869871391606,1.3293636973664327,1.094533348473432,0.814739892029203,0.5706858495278748,0.3974066768202445,0.2784826281839831,0.19856577548667703,0.14505814035130307,0.10886808679102082,0.08420784723169675,0.06710352595102725,0.05494301352367334,0.046086428574881905,
28,2.188184762456539,2.171589882452758,2.1673036808301176,2.16300704293202,2.1543661786882735,2.1480847697529457,2.1465913358949926,2.1475701626145036,2.148889638916933,2.1480759529845,2.142947798080071,2.1322634340205027,2.1134803895162326,2.0809641359463904,2.0266156007742326,1.9421781292171394,1.8223444166119491,1.665021357182169,1.4640125819866854,1.2056303646630147,0.9010230353696791,0.6074270789302977,0.3708735761458551,0.2132312450382775,0.1255888864444738,0.08005667803407879,0.055658831717972354,0.04171350729162416,
21,2.162366960093161,2.153617391414826,2.1472415953104074,2.142357113723904,2.1383234963438387,2.1314388297052433,2.1196945408185632,2.1010292159468937,2.0688229873929265,2.010182069456717,1.904301411248845,1.721282227353852,1.432060702387267,1.0485790654788976,0.6635238282573479,0.378813466751021,0.21250692673018526,0.12612042867331813,0.08175161525421226,0.05788985941582669,0.044199669381459555,
35,2.1890019752627796,2.1620388149735845,2.145767687693805,2.15119207986809,2.153324730931176,2.1452946240149107,2.1381820046437396,2.135010649724056,2.1339811994127524,2.1351829159539326,2.135736376159369,2.130777761642768,2.1169633254875158,2.090615501074349,2.0458385196272517,1.9761935862154796,1.8792025452254875,1.761064652122815,1.6334304699461106,1.5039446428243073,1.375868144592467,1.2468313574253957,1.092419928920358,0.8803330567031324,0.645596024692814,0.4820117371357696,0.3728893832672616,0.26608974355355697,0.18408484456147284,0.13310562531048328,0.10123159107608706,0.07955862659276122,0.0641268764734362,0.05303975492503071,0.04495848864710797,
44,2.2792176032801987,2.187170668902711,2.1427575718356753,2.1468174171921337,2.1389474327364364,2.135002124266503,2.1418480224430216,2.140489557029422,2.1324827491843017,2.1296861999581242,2.1317163770560743,2.1340108316755906,2.1357954561948915,2.136468902274764,2.135423343801052,2.133857202430332,2.133159900196667,2.1333714082606043,2.1338534427533133,2.1340741252344895,2.1337576026285365,2.1329470191583124,2.13187768983443,2.1306419220356942,2.1290211381705113,2.1265496905220935,2.1225608409805474,2.116051311190177,2.10530911696472,2.0872584699192362,2.056516433277337,2.0043338193677362,1.9181640165993024,1.783473434668733,1.587889458432906,1.3215057337342826,0.9800498887415012,0.6182911193372055,0.3504653033308284,0.20131924381824678,0.12537709334224945,0.08522886798524107,0.06245438946436559,0.04869111230648203,
37,2.305528732677672,2.2369617683030576,2.184350476547001,2.162693420754298,2.1460101145065593,2.137518476157154,2.1392484904120437,2.140067166494577,2.1381242676005283,2.1382208984626496,2.140612942034649,2.1432756094642484,2.1454790138024475,2.146771320770832,2.1469800816628126,2.1467890204957603,2.146959441652034,2.147628242867051,2.148495061649425,2.1491239015265555,2.1490399863962724,2.147743049076429,2.1445253808217433,2.138020386113528,2.125533812849337,2.1020447139110887,2.0586406167441287,1.9804748584810006,1.8452357281300993,1.6244630560066504,1.295666290684661,0.8885320227119626,0.5179371392938256,0.2706612076618547,0.13955501842753662,0.0774501330909148,0.04789756817312467,
26,2.2014757291425178,2.1575967490290324,2.1420777840470904,2.137057980931197,2.1358534828481854,2.1370551317617794,2.1371573566742637,2.1358303374879957,2.135149446849509,2.1348959798231184,2.132960180700941,2.1268932046760223,2.1131640246832797,2.0859660485308043,2.035652833604446,1.9461710685615026,1.7940848039972868,1.5544046438096426,1.217929180618942,0.8250821682342673,0.48389884479618644,0.268458975274971,0.15479274595438833,0.09705849704984916,0.0666859273016348,0.04968463471109714,
36,2.2265337566631693,2.200894852233594,2.1817132811330433,2.1728113994232374,2.154443995223409,2.1358770988771756,2.128212886930893,2.126704255818839,2.1270003746958155,2.1285790095217165,2.1293593163057594,2.1281683954532937,2.1264123873581893,2.1252131371263805,2.1239442421426085,2.1210974861427863,2.1147040400370245,2.1020094561903755,2.078993896694043,2.0396831373861004,1.9760550834769965,1.8800986874381307,1.7469065152756262,1.5726764883542408,1.349073615734827,1.0833262758917404,0.8250475369391848,0.5955393027536061,0.40033081535078596,0.26124336724418173,0.17488450150392026,0.12303541778994978,0.09113516874422442,0.07085758955422797,0.05750780294159256,0.0483628443131322,
31,2.2343043337552446,2.2060634571455435,2.1764263780032227,2.156135763254376,2.142943361776544,2.1364378313590424,2.137053585226873,2.14172486405133,2.1470582684088497,2.151323687327324,2.153664882821098,2.1539259310699195,2.1525604555517086,2.1498531718663054,2.145248891897252,2.1369230125851697,2.1211281460104825,2.0912066213076232,2.036435642414142,1.9416306610461174,1.7894232791042435,1.5648229996020224,1.2609319965098673,0.9059832942823152,0.5795354358210343,0.3449662513206118,0.20227382159506224,0.12094550480410729,0.07730353991788298,0.05402119466109474,0.040936796334751675,
36,2.2623376760826504,2.2192890244462125,2.1830154483028847,2.1614952214939667,2.149150501134653,2.1405919493483534,2.134440718849729,2.129188308152651,2.1240624013809764,2.1200414793300846,2.117722752018812,2.116216106453895,2.1139817828014493,2.1094756435956574,2.1011854489724526,2.087437755502591,2.065934034421719,2.033352461732614,1.9858157210934158,1.9209030553258004,1.840869291490116,1.7536801605568768,1.6667212866720917,1.5757412951328047,1.458981863280546,1.2805242940585073,1.0153171084627706,0.7094643882106549,0.469570890893746,0.3144639036687041,0.21068857650167472,0.14307806177522125,0.10072975472734844,0.07444866683373369,0.05785882039613166,0.046981475594065944,
25,2.24476962812935,2.206834320560196,2.1699710001230317,2.1484323198659974,2.1330742554632036,2.1287724917598374,2.1317510828209825,2.130427841214709,2.122063088560817,2.1060748294518463,2.0764144853030584,2.0241843883571895,1.939328666121654,1.8140800305942872,1.6481242212276135,1.4403466035205499,1.1867563420995615,0.9103348518551037,0.6358143093263727,0.40360693056381985,0.24422229431505021,0.14672602545056387,0.0932824654146974,0.06466153160637678,0.048526302937695144,
29,2.253768487499739,2.2071303740821326,2.1934616595761782,2.1849804681054925,2.1620505040305984,2.1450489778223716,2.139966138542126,2.1388626422706922,2.1401533702852653,2.1412376465375575,2.138851600198801,2.134461404638245,2.1300315694876866,2.1244190799080602,2.1148568627761937,2.097433662737292,2.06575246196656,2.0089560623552614,1.9084033560861409,1.7357643254810724,1.4607597825483976,1.080232442735906,0.6721316170223239,0.3686908945682615,0.20066418605459307,0.1173099786891007,0.07541350366356736,0.05305480280373663,0.040266304221581485,
34,2.210295656446087,2.185011234336805,2.168673007593283,2.160307390058814,2.1555829591903106,2.1534226811452584,2.152001500112128,2.149733923754681,2.1474221005598104,2.14618194430405,2.145898360011356,2.1458372502455774,2.145162893013224,2.1431075924453116,2.139043467832635,2.132017165706665,2.119971203391713,2.099202613756671,2.0642552623477086,2.0086501287347174,1.9272007033475171,1.8191379502071778,1.6873563505956377,1.52974957084325,1.3325666746530558,1.0889527398584196,0.8289741974930396,0.5868586590097246,0.3768694576872641,0.22663569589683843,0.13745009069175607,0.08779363751708591,0.05992260317335897,0.043729701290808345,
32,2.212332948785853,2.180831026954142,2.1568798161328226,2.1429767023638817,2.134195007449068,2.132252589512857,2.1333687889293858,2.1327532355542465,2.131566239317683,2.1319447558104034,2.133425155535109,2.1349298886230956,2.135756643183299,2.1351252034566004,2.1325263347896777,2.1278361406387356,2.120496032495356,2.1087074460192916,2.088866533328321,2.0547004620265588,1.9959929184011058,1.8973969957071852,1.7387705702471228,1.4985703150315794,1.1628930332508731,0.7641451562152826,0.423769173629201,0.22228576266301653,0.12347660107758113,0.07598007395667339,0.051835950207209706,0.03858497417138039,
24,2.2362945510144856,2.172626103097115,2.133441549612054,2.1205136858541587,2.115192604011594,2.1180716728267757,2.120050581533295,2.1131108489651402,2.0983481421854884,2.0727441553122605,2.0253884600172936,1.9442421470617683,1.8223566963702507,1.6585789843951337,1.4461583498956108,1.1732829754242324,0.8743065293292711,0.6089371158072902,0.3866754195550903,0.22843262521760782,0.13647896745161542,0.08642692977924615,0.0587230572301242,0.04277986813135419,
35,2.177854248299192,2.164095107846575,2.152938448265324,2.148005950234536,2.138505252502363,2.129641439243511,2.127718289813786,2.130048820574788,2.133494007905592,2.1367842876409724,2.1385167138674968,2.138478470008936,2.13788434300962,2.137544081155814,2.1372710348481663,2.1365203837704154,2.134717146743856,2.131295507751437,2.1256201718890804,2.116510142194356,2.1014453056611213,2.075591624472691,2.030332535566598,1.9510497497982058,1.815133024120121,1.5941630210501083,1.268867719932541,0.8704985333811803,0.5130920814252353,0.2842578265095827,0.16346685839592096,0.1021332233986638,0.0697800659824296,0.051620824405453895,0.04074859867745333,
36,2.2614921860887582,2.226815732739804,2.1902075216975296,2.1576743402875778,2.136252546089752,2.1271328655725803,2.1260113315362847,2.128655292937247,2.1324287194943916,2.1359156636264798,2.138702365201644,2.1409310486379094,2.1427744779346116,2.1442555957555345,2.145300202554764,2.145819505558153,2.145756419236274,2.1450323316568034,2.1434006871366544,2.14028079953996,2.134560071227061,2.1242212170663497,2.105539530374714,2.071456797825653,2.0086856160179396,1.8938934114916934,1.6933446596947723,1.3801531573124324,0.9835636634201345,0.6145018843620494,0.35952632270576257,0.21006130275649762,0.12821909884185287,0.08422826133235756,0.05999920324459508,0.04595524783615823,
22,2.1912808840411393,2.1610114607479645,2.146750136022604,2.1334433277286986,2.1152642121548815,2.0979948895883247,2.07981750839461,2.0521816302526696,2.005062419964849,1.9251592426868072,1.7992549271453198,1.6206323706523564,1.3847748203183525,1.0958994461417157,0.7959106259344225,0.5277293372968901,0.3292509099188176,0.20010036292992672,0.12354687409563539,0.0817153863803678,0.05883107567019068,0.045570198151967625,
24,2.2914589284338787,2.228678114398102,2.1786601718787653,2.1586325576466163,2.142066849600191,2.1314482447081673,2.1289061164795706,2.1228517041253285,2.112174065540083,2.1004631892722143,2.08243959377052,2.046402524104127,1.9740600228625116,1.8339094092327128,1.5858011484028254,1.2171011121149886,0.8022694087427228,0.4709320853459742,0.26860925535628094,0.15912975767659376,0.10132198448769975,0.07002456919839728,0.052220742882439504,0.04148879979294406,
31,2.1971533391609173,2.164749516568946,2.1380517809340507,2.1279069212992443,2.12156476794969,2.122933961484133,2.1298460549610403,2.1312791969377627,2.1241370204238086,2.1096708426483417,2.0856630854468876,2.0478978584308996,1.992419026049868,1.9175219772498813,1.8290360163600896,1.739558083879004,1.657712737982587,1.5814818343519592,1.497844497619289,1.379166602590192,1.1869221656980251,0.9312275431051732,0.7119528212319203,0.5552883498990455,0.3751693459236299,0.22719097587712186,0.14448393054152697,0.09898858942956656,0.07191427965427293,0.05507503794977425,0.0442965938067111,
45,2.2334019868842527,2.188820000553432,2.175736431028135,2.166979882364388,2.146418643774544,2.1312825966016598,2.1267620083799477,2.1246721114348537,2.1240915017294593,2.1262047415375886,2.127894182422462,2.1275303741351825,2.1268519387318876,2.1272330484412727,2.1285458441976584,2.130359613304861,2.1322391097709628,2.1337237456132447,2.134700688263208,2.1354464696237665,2.1362687381926113,2.1372891450575398,2.138453824467343,2.139595623348443,2.1405073025420878,2.1409891569613158,2.1407889748314504,2.1394246000744226,2.135913962858872,2.1283569480436415,2.11321418400781,2.0841038620923644,2.0301815278174407,1.935086645894614,1.7787007414675433,1.5424619867503873,1.2187931223270407,0.8486904165673154,0.5358313001142766,0.3213276173534412,0.18971778137575734,0.11710210777856092,0.07824021281378819,0.05669701387151992,0.0440175606421994,
32,2.247578489089787,2.2183670525010486,2.1887231305882056,2.1596145501174546,2.1360021842247185,2.1248937072239737,2.123084367361999,2.1247976041008236,2.1270736779570667,2.1284025637753126,2.128230723387642,2.1267349067099266,2.1236873705505577,2.1178568302142735,2.1071019657203562,2.08828692573618,2.0570544258027184,2.0081169591484467,1.9368343889317927,1.8421465435266424,1.7275330732321068,1.5942035131861867,1.4288879136709087,1.2045828718239866,0.9174357501364747,0.615898821963374,0.37053271526069326,0.21507789681737302,0.13013936857517305,0.08525725929691667,0.06039452970324838,0.045648197335388094,
40,2.237756394171143,2.182217355319609,2.1493290267925222,2.132408571738366,2.1262316331877122,2.1250107474374653,2.1243789211077324,2.1240478788712718,2.124993529187658,2.126992715421867,2.1292636365737705,2.131206183462132,2.132411270351841,2.1328256621205317,2.1327788564646633,2.132630670432838,2.1325153301924473,2.1323760889834373,2.132084714134174,2.1315270910985697,2.1306238271229083,2.1292454865050177,2.127042433657008,2.1232211028840253,2.1161840439559585,2.1028071642825568,2.0770017615845595,2.0271882526740823,1.9329622569959835,1.7640716298283752,1.4910387459406897,1.1203401643624884,0.7372445023850545,0.4476547148379432,0.2661404034070148,0.16094208014356398,0.10291488666081397,0.071134391911335,0.05308360695467883,0.04223014374190537,
29,2.227060770906786,2.1896875476321505,2.15533246726123,2.135177996085069,2.1243622707552103,2.1226337950390635,2.128759936918773,2.135102140003134,2.1382575130862893,2.139949463857999,2.1411048644246367,2.141522750729042,2.140877842341597,2.1376960625239763,2.1292055811361266,2.1113412541262573,2.076790425299307,2.0113713427784443,1.8898348194121473,1.6760453709716248,1.343553628035439,0.9317121085993286,0.5654414125977351,0.3239340127707094,0.1868839325676992,0.11352216537624897,0.07462026798084193,0.053340660373476276,0.04104287679898519,
32,2.18201665201178,2.168053361671263,2.1561894993481605,2.1442996267623693,2.134234843231546,2.1287069182727496,2.126617501183073,2.1257779700995503,2.1249719283095136,2.1235074685453488,2.121290592932877,2.1187146135865036,2.1157348272302015,2.111341554574694,2.1037442263740824,2.0905385098027165,2.0685735848745552,2.033749142686994,1.9812033976281154,1.9066978378534882,1.8091909799936028,1.6903654544463538,1.5432963725284585,1.3335460008550701,1.0148430894836238,0.6483361476496042,0.3728323950401597,0.2180449714616588,0.13544483498159557,0.08913153816862737,0.06252668628910164,0.046768537995273265,
34,2.2756750616810644,2.178881662139033,2.1355578157670143,2.1527762718875416,2.152199541360009,2.144632584359449,2.1440372184620857,2.1373031802270206,2.1261211223078593,2.121972570433561,2.1243225419273384,2.1272403368678714,2.128841569319204,2.128689397527992,2.1262253152538158,2.121979088120244,2.116597587838838,2.109200464381116,2.097373666474052,2.077451834887997,2.043964252501396,1.9889581354749761,1.9021307812291446,1.772430724306418,1.5889418772769668,1.3346609124804856,0.9928150623846634,0.6223624022419033,0.34868921272737696,0.19699722156997473,0.12015454072703366,0.08020721120507106,0.058123686454018046,0.04508876398750493,
27,2.2047307878594933,2.1759996497445613,2.1548240747310583,2.143978898119453,2.138551297396953,2.136219419762287,2.135442192454183,2.134245638720988,2.1330444700776074,2.132911205702851,2.133107953557968,2.1316364054808354,2.1259706563252614,2.112627976850462,2.0860365726364756,2.0361118990216194,1.9445556830598003,1.7826765443268295,1.5190364711987525,1.1514465217941887,0.7523907639245367,0.43507242358044595,0.2424225401933092,0.14136423785887114,0.08975814527503628,0.062345596674392004,0.04684122494577062,
30,2.214264219560415,2.1800116421766367,2.162650802755416,2.152243694398586,2.142279932731027,2.1371285193899565,2.1342144331682547,2.129822970522274,2.1261371212291693,2.1253345261338277,2.1262237156825794,2.12674141630647,2.125011474658833,2.118781031526802,2.1053142295375635,2.0807223621284265,2.0386252684055206,1.970150694647978,1.8664208445339052,1.7205750288647512,1.5228217580530246,1.2554235583000786,0.9258206974586956,0.6077446997094273,0.36635825966739927,0.21361092401678602,0.12840806882119474,0.08330481136548729,0.05901347926208296,0.0451435142957061,
40,2.2276112037799534,2.169175786290428,2.147702417076366,2.141378623034374,2.1356590677461034,2.1337077644617954,2.133451204716698,2.130598944286181,2.1275250277971436,2.1274457847115826,2.129505727378022,2.131787916330276,2.1334317351726364,2.1340854020912277,2.1338804783254837,2.1334427421194433,2.1331767347517427,2.1328677881048783,2.1319482828918663,2.1297690672993634,2.1256000534657264,2.1184537859324717,2.1067417668026205,2.0878298305277614,2.057718477373742,2.0111954611811114,1.9429150103207746,1.84920365476976,1.7282226014627875,1.575100427327175,1.373843996721017,1.103409307641602,0.7815382022920833,0.4811431021034602,0.2736732780391837,0.16011641103486352,0.10196281396323835,0.07081109121874568,0.052849043175622154,0.041756172656869685,
27,2.1838686745038736,2.1592588566802844,2.145611172963406,2.137610076097542,2.1325758979962535,2.129328437849395,2.1274128249016635,2.1265005664988488,2.126028366238131,2.1250850616530568,2.122321628687552,2.1156567594672127,2.101594053874297,2.074004401324602,2.022486092778566,1.9312115021837586,1.7803739045715523,1.5518737886396916,1.2408075592003152,0.8843458142770013,0.5668987954371443,0.3430105197157009,0.20575944619657668,0.12687804929562824,0.08341051789080642,0.05940313322080698,0.045546496533358044,
40,2.1775779763422554,2.1568290391365745,2.1361983363925754,2.128000618701215,2.125138692650577,2.1235596343424863,2.125118653850616,2.1273003615130075,2.1273726306302905,2.1266748536384736,2.1269959936005813,2.1282942360584034,2.1300055825944826,2.1317033890032278,2.1329288791709806,2.1335228829816417,2.1337922585457147,2.134123059951623,2.1346747840700715,2.1353928356581426,2.136098708311886,2.136566014212785,2.136568491346553,2.135817143007536,2.1337703861017854,2.1293563454226367,2.120551557398459,2.1036254151806393,2.0717494011171524,2.0126297974902405,1.905259381543256,1.7180885406079471,1.4174967571524695,1.0064371643784134,0.5883250960174802,0.3026842327489812,0.15697728855095422,0.08917862223823375,0.05668094216164664,0.03990857270019531,
27,2.234928771820721,2.1989654800459575,2.173068343871414,2.1607550427881277,2.133926531226972,2.1145039212606975,2.1153202310219825,2.121203159212836,2.123253237031949,2.1185307723240716,2.1013487071841848,2.067085741425375,2.0117487234593674,1.9284453071208352,1.8108303635973746,1.655405973932969,1.4538566258725405,1.2005127400944469,0.9285204421866421,0.6645529125793679,0.4312410857722869,0.2673365939764387,0.16837432048987783,0.11256457143893078,0.08059716335875916,0.06114839707184146,0.048649217682231606,
29,2.1781793374495617,2.16702174732509,2.155590026848109,2.144672805983099,2.1324901972425825,2.121840221059033,2.1161673193836124,2.1145325060950593,2.1140095978816333,2.112183617607708,2.1073420534443157,2.0982307404600666,2.083267035160272,2.0593887194474814,2.021523082406448,1.9630156386213775,1.8773642247026396,1.7615334313806554,1.6165638280987833,1.4362753472644547,1.1930101257017693,0.8710690810906312,0.5488162352950959,0.3250809079754663,0.19833849798483874,0.12785721788775195,0.08755501264318744,0.0638552490411321,0.04937093943696681,
56,2.213962175169443,2.1906296386918607,2.158965364822876,2.1376396524521395,2.1259763820285142,2.1226945058888047,2.1245528863082623,2.1261496814934677,2.1265348642302264,2.127476406158914,2.1293467693998296,2.131545764407813,2.133624389051989,2.1351320743419437,2.1358424287051156,2.1360519727370444,2.136224179545435,2.136601211281361,2.137188977358806,2.1378719274635207,2.1385305032116935,2.1391416725915873,2.13977543636501,2.140505160725864,2.1413436065449414,2.14224705132932,2.143155940243483,2.144033503491935,2.1448777068433875,2.145705417510949,2.1465299169774434,2.1473508404590627,2.1481579602897924,2.1489390883484507,2.149682492055993,2.1503698571947476,2.150960991522243,2.151371233339029,2.1514355751289247,2.150841175843669,2.1489906089113266,2.144723600782595,2.135760506568568,2.1176248672101616,2.081695808471399,2.0121883378279923,1.8830386072794019,1.6593568514893509,1.3165562637339838,0.8963242738031921,0.5275398177863735,0.283845560863493,0.14903733271072647,0.08304716592422552,0.051432888989526304,0.03542939864441553,
54,2.2579608918839638,2.1954976813029754,2.1877742258956907,2.176239696877717,2.143041704904854,2.1254519621479617,2.124412880479444,2.1270896886860573,2.132623488088515,2.137681263305642,2.1381794742258964,2.1362775749532767,2.1352788806360534,2.1356871395772763,2.136908333472676,2.1381598456345743,2.138648863654698,2.1384015999935073,2.1381279142445417,2.138301122152777,2.1388564658386278,2.139471679779964,2.139872770890133,2.1400137489504765,2.1400450186365245,2.1401103856759054,2.140202039413546,2.1401803024464114,2.1398672576601343,2.1391028015835793,2.1377168572365397,2.1354292701504645,2.1317152123741328,2.1256468889676237,2.115671419639737,2.099280642873622,2.0726386975837863,2.030519549402209,1.9672691377113023,1.8791990307640465,1.7666992522652358,1.6321213965967978,1.4736010303198412,1.2855541148052994,1.0678067553877524,0.8160069262544934,0.5597594431767872,0.3526358399725837,0.2184276968747086,0.14388732535627588,0.10098916895182797,0.07348828001788027,0.055240029302065716,0.043249162812933256,
28,2.2272214055912025,2.1828389084049715,2.158268348914824,2.1412483370344253,2.129670951299048,2.1288620856819223,2.131233886260457,2.128937473712516,2.1217110735776092,2.1092426723179267,2.087933996245982,2.0521486459529488,1.9933015942872463,1.901709327356377,1.7726365093345462,1.6043730735782864,1.3880938839284371,1.1325827355466105,0.8934911965829879,0.6738813292426046,0.4677382757352202,0.2945861887730681,0.18433901640213785,0.12234444186829901,0.0861960998286129,0.06414799821130318,0.05027747961260039,0.04121661219713952,
31,2.1932509468222725,2.175806901863484,2.151848714877139,2.128758938542878,2.1147525692610363,2.112624406666897,2.118781785664499,2.12801164924093,2.1364019026531826,2.1421310383363306,2.145072720927886,2.145814753905598,2.14490331976792,2.142466821285432,2.137946584805359,2.1297700918914484,2.1147434169318435,2.0868224808999365,2.035200408876439,1.9426686149179204,1.7871506270627044,1.5496872226998892,1.2291593200682451,0.8701086344078428,0.5593987228666165,0.3412864061469186,0.20428759985130873,0.12498481872423553,0.08180856875732581,0.05817555567527058,0.04454224419427964,
26,2.28035022172943,2.208193699470087,2.181666599170052,2.1705900666661204,2.139250795374035,2.1198236546524694,2.120075338237235,2.12291003422101,2.126284137319358,2.129742867887964,2.1257442861024165,2.109083307909454,2.0752009871146644,2.0143796186588356,1.9130515664531371,1.757847343350078,1.5384033991333252,1.2509081568507148,0.9213683399229715,0.6176125431064893,0.3864395667815481,0.2337987169013587,0.14256015157573237,0.09208235224262037,0.06455711828676552,0.04889172465574841,
38,2.2495119138933304,2.1934427933059393,2.1556226281229334,2.141841587898363,2.137926993718687,2.135152381543478,2.1342839087228596,2.1331027961505447,2.130424557567547,2.1288481845960616,2.129700710382836,2.1317510547333356,2.1336708851456683,2.1347944266875554,2.1348707043826867,2.1341513277212623,2.1331222524740925,2.131979031087377,2.130515182545944,2.1282917663857814,2.1246871870761317,2.1187562082884672,2.1088808979326235,2.092113408438704,2.063134378715466,2.0127715162312634,1.9262801706967616,1.782697348645085,1.5584240397928917,1.2395870421305626,0.8544043959243098,0.507382207372056,0.2839065677141315,0.16531011618510333,0.10463696521144886,0.07231410906265183,0.05397478965003928,0.04288293035666378,
46,2.255790263332007,2.172225476862337,2.1251355153368,2.130822832591039,2.1286761687174502,2.1225825017634046,2.1271431861948806,2.1293310247924833,2.1240165296650586,2.1198647278847877,2.1200409143987127,2.1215504430048187,2.1232352423934224,2.124955500487475,2.1257691818127773,2.1255201627927875,2.125111669883193,2.1251713804626755,2.1257038947176814,2.1265293447735574,2.1274405770873943,2.128253040107113,2.1289423943389063,2.129627768084461,2.130408841322879,2.1312631088495047,2.1320298351959392,2.132396371156814,2.1318365987406365,2.1294424018263314,2.123550157936176,2.111053085811567,2.086320416925811,2.0399006101947856,1.9579912644793998,1.8244938484108941,1.6254166868144915,1.35198936359837,1.0166222380587908,0.6871303616054406,0.43114057895569413,0.25846486255447837,0.1535874471473656,0.09553173214674039,0.06453011850785469,0.0474051753283487,
30,2.2748445852323,2.181562102079129,2.1808854337211625,2.1895251610719857,2.159434531666389,2.1365007340056694,2.1339757094013057,2.135045342752479,2.1405446953032063,2.149299655976103,2.1516250995025747,2.145052589729047,2.1313099967159124,2.1082334256198636,2.0697435464241063,2.0062567253656143,1.9061934941648904,1.763970893196316,1.584499019175607,1.3701883320535222,1.1066845825102616,0.7917347429634344,0.5151665090051069,0.3405291748702599,0.21798659322049505,0.13711511219065126,0.09193806263151395,0.06697271552716452,0.05215202770977834,0.04269295135174092,
38,2.180903289471207,2.147554962065462,2.1341958712169573,2.1343692159766654,2.133298465652334,2.1337285541239797,2.1344518752961807,2.1316191874285737,2.127905155791855,2.1268514744289626,2.128056181051485,2.1299872462199505,2.131784496864497,2.1328263609098483,2.132994351022879,2.1327908642493782,2.132614959153095,2.132308312628575,2.1312881528727847,2.1286729262283495,2.1231797891619584,2.112801232086422,2.0941157784062394,2.0612104802856397,2.0046264157019418,1.9115471242660103,1.7690500850521074,1.5686402363507046,1.3039235188902443,0.9758756103866316,0.6411903073691576,0.3836907722944353,0.22490836512830212,0.1387632464988862,0.09263740623757223,0.06677851305254119,0.051422628462147874,0.04177760655486467,
28,2.2571032773318893,2.1494063433439736,2.1308413373431527,2.1456255841759875,2.1361575281599157,2.132737261368177,2.1386728333912077,2.1343972503469457,2.1250934944094473,2.1221864919341304,2.122634282009009,2.1211080025087554,2.116176394219651,2.104817683582092,2.0823851625255543,2.04308974756343,1.9752408985873018,1.8572409394394607,1.6594675782490116,1.3579046443170428,0.9707991733531698,0.5939792982503644,0.3316611265998588,0.18783792526621806,0.1148179982156892,0.07688111028225558,0.05595620225844905,0.043621430610007735,
53,2.2286324193493927,2.1737968227055733,2.1390517023985463,2.1336576242949987,2.1293590346620057,2.128832577356185,2.1344232213618897,2.1355935659623473,2.1319225168524794,2.1299089551085215,2.1307216124367163,2.1326153898052325,2.1346929996722617,2.1359289158100845,2.135843335432652,2.135330539524224,2.1353538120523954,2.135990505106328,2.1368248022531073,2.137455699242346,2.1377327138562143,2.137825997458295,2.1380297623670486,2.138488463420285,2.139140631072831,2.139847638275583,2.1405233077692385,2.141173995380495,2.1418493956572844,2.1425564851046466,2.143202663473999,2.1435877572983157,2.143409415463011,2.1422332023658135,2.139393241142158,2.1337984212342738,2.1236076939901407,2.105711618144653,2.0749629549855064,2.0232817234593417,1.9394003266949558,1.8109952375308225,1.6294091670909978,1.3891972136147928,1.0829060031847506,0.7393882977212352,0.4528834352671227,0.2711750594052845,0.16888429562463558,0.1118364118615749,0.07920103403591927,0.059805890426438975,0.047732286676647126,
88,2.215993901642382,2.1606145610796172,2.143900524547865,2.1433895725841254,2.134817204920762,2.131756892898566,2.133123903413307,2.129236720692247,2.1230305551894872,2.120099777930806,2.1198911258876225,2.1206299600830834,2.1217904959132614,2.122526425388316,2.1222996215954524,2.121719965728599,2.1215688161587165,2.1219821791989206,2.122692051950533,2.123392413672716,2.123880921792148,2.1241517578890043,2.1243643520988473,2.1246748616556905,2.125122327709894,2.1256501573167634,2.126181584043634,2.1266755939093285,2.1271428906949925,2.127624504166802,2.128156006527763,2.128747118844045,2.1293859939222095,2.130055770070959,2.130747970118995,2.1314657037931832,2.1322182788370743,2.133013486579828,2.1338532546678195,2.13473416887069,2.1356506167688547,2.136597503581966,2.1375709659849242,2.138567386058373,2.139582017838912,2.140608402090294,2.1416389284653525,2.142666136652958,2.143684073151343,2.144689207516275,2.145680771452648,2.1466606527774634,2.147633051665889,2.1486040353750844,2.1495810212673803,2.1505721631215335,2.1515856316003807,2.152628831394955,2.153707635769285,2.1548257140388936,2.15598397959061,2.157180113952568,2.158408034060669,2.159657032169183,2.1609100353630497,2.162139832858489,2.1633009336585216,2.1643125012228324,2.165023732652309,2.1651453405686367,2.1641156343080556,2.160839664415523,2.153184819702437,2.137040104235889,2.1047451314325762,2.0431672216496386,1.9334130090465156,1.75601577832572,1.499143917289074,1.1582776565914927,0.7674712869077842,0.4675832263999169,0.3035339447064994,0.192370735089769,0.11804334626266869,0.07609874875396995,0.05346134488788594,0.040702418122682396,
33,2.247489807625335,2.186804784493603,2.1495928823157318,2.1442949414534,2.1402679173328387,2.138331956511805,2.1375176790507555,2.1309433415821153,2.1236316243452023,2.1218115171783483,2.1231410762384404,2.123112813490619,2.119156323894971,2.109456185538783,2.0924547685893433,2.065953237815973,2.0254444138104732,1.9643173456715441,1.8768358639857374,1.761945698085584,1.6218596688266866,1.4487303779561032,1.2133869076777055,0.9054368582480711,0.6039775317807513,0.3932189829374301,0.26144980213694347,0.1757436969480815,0.12176701310528874,0.08862615492171151,0.06798864648455095,0.05470689835956593,0.045796189320931296,
43,2.2323221685132832,2.188388699401113,2.157263277191597,2.1348660184967967,2.122565455044806,2.118395468449126,2.118754670000259,2.1211247991646123,2.1238627940291113,2.1261412455466315,2.127971996343393,2.1296177466384307,2.1311632273321752,2.132563684621192,2.1337590176026584,2.134710308122145,2.135435793163736,2.136010479177326,2.136506747121406,2.136932844021302,2.1371928310622414,2.137042177306099,2.136009593548669,2.133243508394328,2.127214718448878,2.1152069552034667,2.092619193616253,2.0524548377548752,1.9861244013965678,1.886971120150419,1.754635701964729,1.5922092015990252,1.3964693969551658,1.1655039421774596,0.9178318150520547,0.6694169470674638,0.450552809714109,0.2823848350614102,0.173808148082608,0.1131380473416555,0.07952859883534101,0.05982693478122879,0.047572426124755235,
44,2.2594878292846663,2.178016187328867,2.1369426517552403,2.1332829513421254,2.129359342668112,2.1263891180627756,2.129590001297411,2.12963969105905,2.125120196216737,2.1224318589693794,2.1230994731680295,2.125026026426155,2.127313857412549,2.129389184189862,2.130575655808027,2.1311373551113553,2.1318189711752433,2.132892233497056,2.134205364678847,2.1355420703064145,2.1367151899148222,2.137626251341781,2.1383028909495394,2.1387940153276235,2.1390324295147307,2.138758758174555,2.137436812738822,2.1340589356453616,2.1267304901626995,2.1118402928011606,2.0825677030516494,2.0266764048397556,1.9245513908872594,1.7506225083571199,1.4827184757477196,1.1255506052739195,0.752544815396808,0.46444527327771906,0.2775024169692294,0.16647062808824684,0.10457706835134206,0.07087205429788274,0.052044153075083706,0.0409312793024203,
32,2.2545118798223722,2.201681083040569,2.167441978145569,2.1420659705905263,2.1275898782869676,2.1222982157770707,2.121705509692097,2.1232190517847505,2.1248337495165757,2.1254434242031377,2.1254474620512855,2.125224497793771,2.124100008673361,2.1208604978422048,2.1142166956314385,2.10257781335413,2.083537001624733,2.053172721728413,2.0053731801244603,1.9321667515657048,1.8262686633292324,1.684279530348522,1.5020019993068479,1.2584788979415797,0.9297436524703887,0.5804466499825518,0.33054012589069787,0.19319028873020117,0.12208001092294335,0.08365416376096625,0.06160370869789292,0.04821876040101071,
33,2.2148845124236343,2.1903670717866115,2.1599216120167695,2.1373885326083064,2.1269891310093767,2.1289573067926897,2.1376521138343403,2.1452554651154516,2.1492047790282682,2.150897290062212,2.151979349113449,2.1535186857578488,2.155343355323343,2.1557638804827457,2.152693306565439,2.1443345014512767,2.128556569419589,2.1017700823770915,2.0581600991031612,1.9902608015866932,1.8912155946660645,1.7561624865273524,1.5790525692147441,1.3499909081006527,1.0657215984117898,0.7596666992616967,0.49924399111407725,0.30068971101642644,0.1762043657336651,0.10969751225655566,0.07432221101398306,0.054381755589654635,0.04240293485400244,
23,2.262083877089077,2.2111268553232484,2.186168723836157,2.1773284353614235,2.1531538076371635,2.1281014428994833,2.1171695643760327,2.1112124473007507,2.103361258364825,2.0876971099784885,2.052251322827777,1.985434485286853,1.8735646040417415,1.6960096033281136,1.4310187444125566,1.0716831730102288,0.6783199645840908,0.3765716775232071,0.20587470269346642,0.12048632948437552,0.07754006087289159,0.05465911798544956,0.04158340499402718,
24,2.263580472351987,2.2194662386356754,2.193264587801933,2.1720532292732138,2.1494186607044874,2.13769010319449,2.1363190846759936,2.1387362676022486,2.1418091163297373,2.1407462891435833,2.129991856569393,2.104600354117998,2.056632604855453,1.9727536386705293,1.8344922937160835,1.6202135602830787,1.3141654226453032,0.9530473110125384,0.6303197406019642,0.3723635373298449,0.19596350007124586,0.10305007472711397,0.05985344017586661,0.038915860137032715,
26,2.1858062410005266,2.158375566717343,2.1391004570534378,2.125247337854157,2.114295521048776,2.105083254245551,2.0905510034933132,2.064353292733002,2.0217861476664276,1.9558934807072,1.8612785298324732,1.7391449053284531,1.5903160230300257,1.4051695614167978,1.181527383787985,0.9498855245988796,0.7216911043647876,0.507899484172657,0.3429691469156536,0.23651540113642033,0.17020255595484815,0.1258880784182362,0.09531366431066549,0.0743243158614582,0.05977436057727624,0.049435729267225954,
31,2.2294414794600037,2.179251220745974,2.1672229767583264,2.168045117862336,2.149160427129784,2.1306806259410114,2.12638762258137,2.127001930396929,2.1289236462894547,2.132438866120903,2.1339947346003023,2.1326629634013266,2.1311209050164606,2.1305154848407373,2.1297296731560524,2.1271563492893875,2.1208090678172677,2.108144718176178,2.0857195342872292,2.047414887668414,1.9820185804498691,1.8715087993238047,1.6913176983078486,1.4156498777522502,1.0379874172584436,0.630203651443286,0.33178362905876785,0.1737458668227356,0.09907888665821557,0.06301884495980745,0.04432808840658788,
37,2.228118342372839,2.176238214029884,2.1457700153860664,2.146710170155879,2.1447083289132998,2.140162840461833,2.139937322744461,2.1375224361859453,2.131697170020872,2.1282537974217175,2.128725459378756,2.1308009036533133,2.133150400112738,2.135136079982571,2.1360665958734852,2.1359571129040287,2.135291369765593,2.1340367271342195,2.1313456925558145,2.1256247972491336,2.1142869088377445,2.093239178119099,2.0563037572558116,1.9950395181210034,1.9000713906076068,1.7638927036422913,1.5806350025697262,1.3400030569120247,1.0418135695080344,0.7414008585654395,0.49354719102269573,0.3049495697554613,0.18267920534633253,0.11337816134227194,0.07518829514123178,0.053531523365787696,0.04066402068688826,
43,2.172994340240719,2.15774159316598,2.1553920318155417,2.156695607768919,2.148892091221268,2.1401897293994017,2.137581208902039,2.1385276625202896,2.1408133803636122,2.143571450311911,2.145192035362968,2.1453867518232226,2.1454467515647693,2.1462363803925326,2.1476392035455767,2.149227557442783,2.150626709394282,2.1516616321352644,2.152450974592956,2.1532456355247542,2.1541729925485646,2.1551565858432,2.1559826096157826,2.156367634220149,2.1559576442541686,2.1542241534985065,2.150223695573594,2.14218208501935,2.1268211446152816,2.0983226509830546,2.0470402592749943,1.958828308460351,1.816849979622578,1.6065634689070465,1.3217301838642865,0.9814213597112147,0.6559032731505621,0.4047722195267853,0.23391269785866944,0.134282924216495,0.08185907925510844,0.054371891909841305,0.03924861670941658,
29,2.25245791075701,2.1659585688142564,2.154103091590099,2.1602804514936347,2.151528851311575,2.152280437334219,2.155747434638386,2.149517220350198,2.142066844160068,2.139900777285606,2.1392175651235426,2.137771684307542,2.1351673402704883,2.129220419566959,2.11816021351166,2.1006591849291807,2.073108340054107,2.029021385314841,1.959787783497077,1.8557488113192346,1.707235858974998,1.4996432811531006,1.208248360790144,0.8429973979924806,0.4971515277973488,0.25619645789064094,0.12919080317991147,0.06987399883074301,0.04194033481143459,
26,2.2565125900870973,2.2252982498205727,2.1971637482822572,2.181820468695131,2.159184265320557,2.1381669151300535,2.129419453864382,2.1284828769422584,2.1301194073380714,2.131391747399652,2.1274462985423863,2.112541594287026,2.0804477292973327,2.022611166274532,1.9283571375824686,1.788005224719818,1.5945429751425793,1.3416634537915577,1.0447207097258209,0.7580545634023316,0.5118208104345388,0.3169580767027306,0.18293372554772933,0.10841053192895382,0.06975363852826312,0.04886828031533848,
33,2.189894652613006,2.147242493080929,2.1498061387675644,2.1539964836615644,2.140492198719398,2.129747760883694,2.1293557367980984,2.1314811205588864,2.134272337711219,2.1381642584661997,2.140375125567441,2.139756281745268,2.137999713750068,2.1362591497337617,2.1341636681553267,2.130698642976551,2.1241432301128187,2.111697038998152,2.089344375763078,2.0512667108485116,1.9893277728704657,1.894169381207084,1.7578653409406333,1.5740903715887753,1.3308384128813975,1.0145025944907105,0.6688667520859863,0.39270516823295765,0.22361385232457553,0.1337536270429255,0.0870460229814293,0.06167486301952461,0.046970240582241196,
39,2.224859058526347,2.1724538496260215,2.1566404914039157,2.157290594136952,2.1437379177889637,2.1302582582992056,2.1279647611736574,2.129393908090918,2.1312121419566887,2.133538852178388,2.13382629353134,2.1317983799907854,2.1300694644391394,2.12981307071804,2.130264103314066,2.1304115858191937,2.1293297207949844,2.1262070943720945,2.120406561092146,2.1108222866058104,2.0950468797486543,2.0689583432060443,2.026788080089765,1.9623135685100315,1.8719227395568045,1.7571120806959415,1.6198123118000196,1.450761454505112,1.2322631096835528,0.976146107185448,0.7111503520255921,0.4801047323136473,0.3175026283870142,0.21081183856154662,0.1445022618940069,0.10281521979452138,0.0759221327299483,0.058358437615761254,0.04663735502323296,
25,2.247032189064387,2.170812333269824,2.1495454652037855,2.1431323592317786,2.128252960168576,2.1313748274104665,2.1410203044872635,2.1388217118717257,2.1303237580448857,2.119839661609072,2.101612096221777,2.0696097385070757,2.0130943537018493,1.9125840741386084,1.749882075004845,1.5155687591839748,1.2148165110580469,0.8989054901062241,0.6183070025549202,0.38882144532471946,0.22551806841422584,0.1299074057930732,0.08025284434034118,0.05423373195532237,0.03972750115709636,
50,2.252568014258117,2.21553615764447,2.178304016286509,2.1549218161610257,2.1411609477288875,2.1348340980963503,2.1329631892089744,2.1305022628120573,2.1273617542474765,2.1260205930770257,2.1266663090397415,2.1280450265112942,2.129237463969093,2.1297589578226037,2.1296671845500317,2.1295326250906474,2.129831712728662,2.1305727442733575,2.131490365261558,2.132350310178255,2.1330910732703243,2.13381434463937,2.1346658354276884,2.1357038897892857,2.13686247030527,2.1380049075748264,2.138989361185559,2.1396889974521325,2.1399566546481825,2.1395488971919994,2.1380245303880283,2.134609797774644,2.127990748643015,2.1159797076998514,2.0950440537701063,2.059853799055986,2.0033788181136827,1.9183498591993837,1.7996987522888388,1.6440936861248245,1.442552267596781,1.177394754957883,0.8628732867856256,0.5619925757919172,0.3232725234434025,0.17874042419996652,0.10644126809866836,0.0704230920170897,0.0508651779091689,0.03927349116579119,
48,2.251075164233129,2.1642252481035826,2.1390483082162057,2.1472000027693054,2.1374140333074743,2.1331535680795737,2.139817170227341,2.1393652818401607,2.132632970062076,2.1291223382719986,2.1290187996492813,2.129717775242796,2.13139345072177,2.133424356247774,2.1342985818103544,2.134046448829584,2.133696256355887,2.1338154025813854,2.1344566563895055,2.135423221701256,2.1362251352102586,2.136187744163161,2.1345444345462568,2.1301346412835356,2.120823247595579,2.1028440213368764,2.07032016545796,2.015956354518051,1.9346098686276518,1.829151544594422,1.7115054652578665,1.5939874652149593,1.4830860645101942,1.3829677856905365,1.2919050959764191,1.19057986452958,1.0468581261031122,0.8358589686947757,0.5896042774118462,0.42463100702052203,0.32954420738287105,0.22741023828191798,0.1492479577773461,0.10299268014057322,0.07682193302013193,0.06089588717391449,0.05014129916022334,0.042475126836156334,
26,2.2064894817311496,2.1868862846568327,2.1656928219004556,2.142913364453494,2.1248267585028393,2.117887947750181,2.117510920660862,2.1164663216648973,2.1092465339808757,2.09016447914235,2.0535633371275828,1.9938798268983127,1.905458836372647,1.7849560172599155,1.6303309389374816,1.431800840847496,1.1802022541027217,0.9111776302330935,0.6618653548952901,0.4381125165026266,0.2734530614452448,0.1731842828297032,0.115957856660481,0.08246521365154443,0.0619011507610119,0.04877023569798701,
31,2.2394564862941277,2.1616351887883334,2.1490968523796843,2.1487573908414914,2.1322511096498924,2.1292583453973646,2.1348429758810603,2.13277913561054,2.1284131836479743,2.1287405728819953,2.131132750407351,2.1334094587145094,2.1358327229972893,2.1369702538787294,2.134918162544806,2.128782706422488,2.1169377448458304,2.0952046325043066,2.055392989889288,1.9830559336780662,1.8567259519055006,1.6526789371281385,1.3565376762928878,0.9900281076757075,0.6431656363980606,0.3914112741644314,0.23269197363818786,0.14021192737701954,0.0893969235620576,0.06183883798811381,0.046314866801363104,
23,2.359621146095336,2.230555400734526,2.1626591141341773,2.163805613927759,2.1418870731290016,2.131437659113522,2.1484035630532667,2.1537099120546443,2.143680716133438,2.1345394364184926,2.124896844338665,2.1084537900530984,2.078840286922281,2.0163375932590584,1.8886066418156817,1.6561385610893549,1.2927855791677585,0.8510818554342257,0.4700709981777477,0.23843952017605027,0.12568205423638834,0.07349901443926743,0.04816584165032753,
58,2.239510392040746,2.1410921861707126,2.125023158650753,2.1358870829602443,2.130469453150575,2.1311757730720857,2.1379102812868367,2.1363365466001896,2.1304668141495013,2.1286529922156965,2.129787953742004,2.1311621021086187,2.132908337534179,2.1345699626844254,2.1350868842707555,2.1346927845922634,2.134296047711349,2.1343414428544105,2.1348899652798434,2.135851353997351,2.1369538892783786,2.1379234415249733,2.1387112128011823,2.1394499427999296,2.1402858128348665,2.1412843108120594,2.142412519350653,2.1435762844155937,2.1446944177244465,2.145747888951681,2.146766665286627,2.1477808927992177,2.148776913940801,2.1496745314840955,2.1503164031862383,2.150439099271461,2.1495828985471706,2.1468918545269733,2.140740785516268,2.1281121088872057,2.103740777798427,2.0595476305608718,1.9861049754701463,1.878526439192451,1.7440259867892438,1.5991533819890416,1.456453238332693,1.3188976061135675,1.1720407887790913,0.9638837403348384,0.6614731180820331,0.4139684362139757,0.27612398152575124,0.17625553691338644,0.11206484399298562,0.07510712354977449,0.05425310301455252,0.04219555565473984,
51,2.21491707550285,2.167879308939149,2.1324894989358576,2.1276407351314335,2.130763032493091,2.131018472770044,2.1319085960608706,2.130782283608712,2.1265434372413354,2.123764402983004,2.1245763379365017,2.127030835032233,2.1292846329122046,2.1306884228449245,2.1311833410713135,2.131309331036916,2.131787833734974,2.1328235881858655,2.1341119196275766,2.135292087147189,2.1362006078348985,2.1368786580248673,2.137486285392225,2.1381782673256344,2.139013331883001,2.1399557880337756,2.1409327123165762,2.141878593961973,2.1427435650426956,2.1434748183808896,2.1439850981829998,2.1441172965097817,2.1436030049227615,2.1419965720073946,2.138550985341224,2.1319830600501395,2.120039232591915,2.098715273565024,2.0609472974836063,1.9948000204140264,1.8822796842486538,1.7023869158803926,1.441493208804236,1.1033305470186596,0.7275045964236676,0.4172243537092639,0.23182452736332007,0.13698293972159573,0.08866804744243997,0.0625409471851745,0.047398828415637605,
37,2.1541422530642436,2.1542941348916798,2.1500441535009376,2.14347335746102,2.137915909701824,2.134189670455032,2.1319951738863026,2.131013236878482,2.1306202620728487,2.1303590597932724,2.1302881757334595,2.1305571907685477,2.1310939493604715,2.1316496226046286,2.1318137269519175,2.1309424621633664,2.1280394245665444,2.121448595025379,2.1082617758241464,2.083506346615604,2.0395315592620875,1.9668089567685958,1.8574203139808656,1.708311909892388,1.516703223359214,1.279176338654815,1.0258043958523086,0.7968333943889623,0.5834797066697932,0.3899190598688623,0.2470603565438913,0.16218183942737224,0.11296997059270397,0.08306603365189863,0.06428156965500695,0.05208674051698889,0.04383178355930528,
43,2.151366603047098,2.1397738598201217,2.1303822232226617,2.1278819669935576,2.1276025586324527,2.1284711579039426,2.130472107508208,2.131388406090081,2.1307453886026435,2.1301615147751916,2.1305488731257594,2.1317089544883334,2.1332060760494134,2.1345711422995484,2.1354990313471274,2.136095789683784,2.1366701934547168,2.1373974441130406,2.1382546040550143,2.1391181455942174,2.139864021613105,2.140435721029287,2.1408417890242064,2.141085305547013,2.14108992963025,2.140654531407293,2.1394050040273394,2.1366822297790375,2.131279072456974,2.1208818439781405,2.1009635608171546,2.0627388161258042,1.9899040180362602,1.855283569420108,1.6233479863760945,1.2741244667682599,0.859506793299706,0.5053444244065131,0.27728124952811883,0.15258380523671689,0.08956408554060179,0.05784220366319062,0.041072141665123504,
33,2.2026996193939383,2.1810846611955608,2.162415964936386,2.1510924981368063,2.1443786810016587,2.141743171889277,2.142003140823582,2.142823667545834,2.143845112736644,2.145449825142263,2.1470269152792643,2.1477668520622664,2.1472719307902306,2.1452856091421926,2.141621007448125,2.1360719235352374,2.1279761915192137,2.1157251474132,2.096261273093949,2.064346004355068,2.0116828178618613,1.9265984891497712,1.7956895608161398,1.606830524260502,1.3462081176881926,1.0005138164067302,0.6271825553316605,0.3522939650969495,0.20084485697399146,0.12404485044658743,0.08318031812386309,0.05990973024134777,0.045932074253743196,
